{
    "root_group": {
        "name": "",
        "path": "",
        "id": "d41d8cd98f00b204e9800998ecf8427e",
        "groups": {},
        "checks": {
                "write status ok": {
                    "name": "write status ok",
                    "path": "::write status ok",
                    "id": "cb0934e51dfd246ae348a9178dd8353d",
                    "passes": 180,
                    "fails": 0
                },
                "read status 200": {
                    "passes": 100,
                    "fails": 200,
                    "name": "read status 200",
                    "path": "::read status 200",
                    "id": "211e08f77f572fd9fbb26f2fac69bfc5"
                }
            }
    },
    "metrics": {
        "http_reqs": {
            "count": 480,
            "rate": 7.958866864885894
        },
        "http_req_failed": {
            "passes": 200,
            "fails": 280,
            "thresholds": {
                "rate<0.25": true
            },
            "value": 0.4166666666666667
        },
        "data_received": {
            "count": 103740,
            "rate": 1720.1101011734638
        },
        "vus_max": {
            "value": 8,
            "min": 8,
            "max": 8
        },
        "iterations": {
            "count": 480,
            "rate": 7.958866864885894
        },
        "http_req_sending": {
            "p(90)": 0,
            "p(95)": 0.07929499999999928,
            "avg": 0.014192916666666668,
            "min": 0,
            "med": 0,
            "max": 0.9916
        },
        "http_req_duration{expected_response:true}": {
            "avg": 4.011651428571429,
            "min": 1.9982,
            "med": 3.38015,
            "max": 21.3147,
            "p(90)": 5.2734,
            "p(95)": 6.314255000000001
        },
        "vus": {
            "value": 8,
            "min": 8,
            "max": 8
        },
        "checks": {
            "passes": 280,
            "fails": 200,
            "value": 0.5833333333333334
        },
        "http_req_connecting": {
            "avg": 0,
            "min": 0,
            "med": 0,
            "max": 0,
            "p(90)": 0,
            "p(95)": 0
        },
        "http_req_waiting": {
            "avg": 2.3852881249999984,
            "min": 0,
            "med": 2.81435,
            "max": 21.3147,
            "p(90)": 4.40383,
            "p(95)": 5.2734
        },
        "http_req_receiving": {
            "p(90)": 0.2291,
            "p(95)": 0.4032349999999995,
            "avg": 0.04678895833333333,
            "min": 0,
            "med": 0,
            "max": 0.5906
        },
        "data_sent": {
            "count": 436350,
            "rate": 7235.107409360333
        },
        "http_req_tls_handshaking": {
            "med": 0,
            "max": 0,
            "p(90)": 0,
            "p(95)": 0,
            "avg": 0,
            "min": 0
        },
        "http_req_duration": {
            "avg": 2.446269999999997,
            "min": 0,
            "med": 2.86325,
            "max": 21.3147,
            "p(90)": 4.7524,
            "p(95)": 5.3106,
            "thresholds": {
                "p(95)<2000": false
            }
        },
        "http_req_blocked": {
            "avg": 0.096201875,
            "min": 0,
            "med": 0,
            "max": 5.9214,
            "p(90)": 0,
            "p(95)": 0
        },
        "iteration_duration": {
            "avg": 1003.3216287500007,
            "min": 1000.0841,
            "med": 1003.3616,
            "max": 1027.7622,
            "p(90)": 1005.31949,
            "p(95)": 1006.6435
        }
    }
}