{
    "metrics": {
        "vus": {
            "min": 5,
            "max": 5,
            "value": 5
        },
        "vus_max": {
            "min": 5,
            "max": 5,
            "value": 5
        },
        "http_req_tls_handshaking": {
            "avg": 0,
            "min": 0,
            "med": 0,
            "max": 0,
            "p(90)": 0,
            "p(95)": 0
        },
        "http_req_waiting": {
            "avg": 4.356289333333333,
            "min": 3.3431,
            "med": 4.2786,
            "max": 6.134,
            "p(90)": 5.3616,
            "p(95)": 5.642
        },
        "data_sent": {
            "count": 62700,
            "rate": 4154.536595931341
        },
        "http_reqs": {
            "count": 75,
            "rate": 4.9695413826929915
        },
        "http_req_sending": {
            "min": 0,
            "med": 0,
            "max": 0.4817,
            "p(90)": 0.007800000000000111,
            "p(95)": 0.40410999999999975,
            "avg": 0.035596
        },
        "http_req_receiving": {
            "p(90)": 0.3739,
            "p(95)": 0.492,
            "avg": 0.05936399999999999,
            "min": 0,
            "med": 0,
            "max": 0.5062
        },
        "http_req_blocked": {
            "med": 0,
            "max": 10.0889,
            "p(90)": 0.4221400000000009,
            "p(95)": 8.5998,
            "avg": 0.6569760000000001,
            "min": 0
        },
        "checks": {
            "passes": 150,
            "fails": 0,
            "value": 1
        },
        "iterations": {
            "rate": 4.9695413826929915,
            "count": 75
        },
        "data_received": {
            "count": 13875,
            "rate": 919.3651557982035
        },
        "iteration_duration": {
            "p(90)": 1007.0757,
            "p(95)": 1016.1518,
            "avg": 1006.1088759999992,
            "min": 1003.6176,
            "med": 1005.251,
            "max": 1017.0709
        },
        "http_req_failed": {
            "passes": 0,
            "fails": 75,
            "thresholds": {
                "rate<0.05": false
            },
            "value": 0
        },
        "http_req_duration{expected_response:true}": {
            "min": 3.3431,
            "med": 4.2786,
            "max": 6.134,
            "p(90)": 5.3616,
            "p(95)": 6.134,
            "avg": 4.451249333333332
        },
        "http_req_duration": {
            "med": 4.2786,
            "max": 6.134,
            "p(90)": 5.3616,
            "p(95)": 6.134,
            "avg": 4.451249333333332,
            "min": 3.3431,
            "thresholds": {
                "p(95)<1500": false
            }
        },
        "http_req_connecting": {
            "min": 0,
            "med": 0,
            "max": 0,
            "p(90)": 0,
            "p(95)": 0,
            "avg": 0
        }
    },
    "root_group": {
        "name": "",
        "path": "",
        "id": "d41d8cd98f00b204e9800998ecf8427e",
        "groups": {},
        "checks": {
                "status is 200": {
                    "fails": 0,
                    "name": "status is 200",
                    "path": "::status is 200",
                    "id": "6210a8cd14cd70477eba5c5e4cb3fb5f",
                    "passes": 75
                },
                "success true": {
                    "passes": 75,
                    "fails": 0,
                    "name": "success true",
                    "path": "::success true",
                    "id": "8ec29028335e992234fade5da8528fab"
                }
            }
    }
}