{
    "metrics": {
        "data_sent": {
            "count": 994004,
            "rate": 16295.678245809888
        },
        "iteration_duration": {
            "min": 1000.0124,
            "med": 1001.491,
            "max": 1721.4645,
            "p(90)": 1005.85592,
            "p(95)": 1031.9961399999997,
            "avg": 1014.7538069806558
        },
        "vus": {
            "value": 1,
            "min": 1,
            "max": 20
        },
        "http_req_tls_handshaking": {
            "med": 0,
            "max": 0,
            "p(90)": 0,
            "p(95)": 0,
            "avg": 0,
            "min": 0
        },
        "http_req_sending": {
            "avg": 0.014316316232127837,
            "min": 0,
            "med": 0,
            "max": 1.008,
            "p(90)": 0,
            "p(95)": 0.0583599999999999
        },
        "data_received": {
            "count": 259169,
            "rate": 4248.810503064678
        },
        "iterations": {
            "count": 1189,
            "rate": 19.49243809307403
        },
        "vus_max": {
            "value": 20,
            "min": 20,
            "max": 20
        },
        "http_req_duration": {
            "avg": 2.559345248107654,
            "min": 0,
            "med": 0.3259,
            "max": 102.5392,
            "p(90)": 3.287,
            "p(95)": 9.080199999999895,
            "thresholds": {
                "p(95)<1500": false
            }
        },
        "http_reqs": {
            "count": 1189,
            "rate": 19.49243809307403
        },
        "http_req_failed": {
            "passes": 1089,
            "fails": 100,
            "thresholds": {
                "rate<0.05": true
            },
            "value": 0.9158957106812448
        },
        "http_req_connecting": {
            "avg": 0.014191421362489489,
            "min": 0,
            "med": 0,
            "max": 1.4965,
            "p(90)": 0,
            "p(95)": 0
        },
        "http_req_receiving": {
            "med": 0,
            "max": 2.5923,
            "p(90)": 0.31396000000000085,
            "p(95)": 0.50086,
            "avg": 0.07320176619007572,
            "min": 0
        },
        "http_req_duration{expected_response:true}": {
            "avg": 18.099530000000005,
            "min": 1.9799,
            "med": 3.6845,
            "max": 102.5392,
            "p(90)": 70.02251000000012,
            "p(95)": 85.88761499999995
        },
        "http_req_blocked": {
            "avg": 0.1460167367535744,
            "min": 0,
            "med": 0,
            "max": 9.0198,
            "p(90)": 0,
            "p(95)": 0
        },
        "http_req_waiting": {
            "p(90)": 3.1693,
            "p(95)": 9.030939999999903,
            "avg": 2.4718271656854456,
            "min": 0,
            "med": 0.2547,
            "max": 102.5392
        },
        "checks": {
            "passes": 200,
            "fails": 2178,
            "value": 0.08410428931875526
        }
    },
    "root_group": {
        "path": "",
        "id": "d41d8cd98f00b204e9800998ecf8427e",
        "groups": {},
        "checks": {
                "status is 200": {
                    "name": "status is 200",
                    "path": "::status is 200",
                    "id": "6210a8cd14cd70477eba5c5e4cb3fb5f",
                    "passes": 100,
                    "fails": 1089
                },
                "success true": {
                    "name": "success true",
                    "path": "::success true",
                    "id": "8ec29028335e992234fade5da8528fab",
                    "passes": 100,
                    "fails": 1089
                }
            },
        "name": ""
    }
}