{
    "metrics": {
        "http_req_receiving": {
            "p(95)": 0.5154,
            "avg": 0.0567378048780488,
            "min": 0,
            "med": 0,
            "max": 0.6957,
            "p(90)": 0.19615
        },
        "http_req_failed": {
            "passes": 556,
            "fails": 100,
            "thresholds": {
                "rate<0.2": true
            },
            "value": 0.8475609756097561
        },
        "http_req_duration{expected_response:true}": {
            "avg": 4.067322999999999,
            "min": 1.9867,
            "med": 3.3596,
            "max": 28.3123,
            "p(90)": 5.390060000000001,
            "p(95)": 6.100439999999998
        },
        "data_received": {
            "count": 141376,
            "rate": 2821.64309868392
        },
        "http_req_tls_handshaking": {
            "max": 0,
            "p(90)": 0,
            "p(95)": 0,
            "avg": 0,
            "min": 0,
            "med": 0
        },
        "http_req_waiting": {
            "med": 0.1706,
            "max": 28.3123,
            "p(90)": 2.9908,
            "p(95)": 3.5801499999999997,
            "avg": 0.7395051829268289,
            "min": 0
        },
        "iteration_duration": {
            "min": 1000.0149,
            "med": 1000.9877,
            "max": 1029.1092,
            "p(90)": 1004.0026,
            "p(95)": 1004.75815,
            "avg": 1001.542200914635
        },
        "http_req_duration": {
            "avg": 0.802073780487805,
            "min": 0,
            "med": 0.20585,
            "max": 28.3123,
            "p(90)": 3.0926,
            "p(95)": 3.82885,
            "thresholds": {
                "p(95)<1500": false
            }
        },
        "data_sent": {
            "count": 548416,
            "rate": 10945.522730929159
        },
        "checks": {
            "fails": 1112,
            "passes": 200,
            "value": 0.1524390243902439
        },
        "vus": {
            "max": 20,
            "value": 1,
            "min": 1
        },
        "vus_max": {
            "value": 20,
            "min": 20,
            "max": 20
        },
        "http_reqs": {
            "count": 656,
            "rate": 13.092730539388944
        },
        "http_req_blocked": {
            "avg": 0.020136585365853665,
            "min": 0,
            "med": 0,
            "max": 4.3179,
            "p(90)": 0,
            "p(95)": 0
        },
        "iterations": {
            "count": 656,
            "rate": 13.092730539388944
        },
        "http_req_connecting": {
            "p(95)": 0,
            "avg": 0.011158231707317074,
            "min": 0,
            "med": 0,
            "max": 1.0558,
            "p(90)": 0
        },
        "http_req_sending": {
            "avg": 0.005830792682926829,
            "min": 0,
            "med": 0,
            "max": 1.0762,
            "p(90)": 0,
            "p(95)": 0
        }
    },
    "root_group": {
        "id": "d41d8cd98f00b204e9800998ecf8427e",
        "groups": {},
        "checks": {
                "status is 200": {
                    "name": "status is 200",
                    "path": "::status is 200",
                    "id": "6210a8cd14cd70477eba5c5e4cb3fb5f",
                    "passes": 100,
                    "fails": 556
                },
                "success true": {
                    "name": "success true",
                    "path": "::success true",
                    "id": "8ec29028335e992234fade5da8528fab",
                    "passes": 100,
                    "fails": 556
                }
            },
        "name": "",
        "path": ""
    }
}