{
    "root_group": {
        "name": "",
        "path": "",
        "id": "d41d8cd98f00b204e9800998ecf8427e",
        "groups": {},
        "checks": {
                "status ok": {
                    "passes": 300,
                    "fails": 0,
                    "name": "status ok",
                    "path": "::status ok",
                    "id": "017d7c5e080cbf543220d509d2bfff42"
                }
            }
    },
    "metrics": {
        "http_reqs": {
            "count": 300,
            "rate": 4.9685161280641985
        },
        "http_req_connecting": {
            "avg": 0.006684,
            "min": 0,
            "med": 0,
            "max": 0.5013,
            "p(90)": 0,
            "p(95)": 0
        },
        "http_req_waiting": {
            "avg": 5.119324666666672,
            "min": 2.0768,
            "med": 3.427,
            "max": 82.3568,
            "p(90)": 5.5623,
            "p(95)": 6.564140000000003
        },
        "http_req_tls_handshaking": {
            "min": 0,
            "med": 0,
            "max": 0,
            "p(90)": 0,
            "p(95)": 0,
            "avg": 0
        },
        "http_req_receiving": {
            "avg": 0.11014166666666665,
            "min": 0,
            "med": 0,
            "max": 0.5826,
            "p(90)": 0.49819,
            "p(95)": 0.5012
        },
        "http_req_failed": {
            "fails": 300,
            "passes": 0,
            "thresholds": {
                "rate<0.2": false
            },
            "value": 0
        },
        "http_req_duration{expected_response:true}": {
            "avg": 5.2917633333333365,
            "min": 2.1913,
            "med": 3.6405,
            "max": 82.3568,
            "p(90)": 5.595860000000007,
            "p(95)": 7.060810000000001
        },
        "vus_max": {
            "min": 5,
            "max": 5,
            "value": 5
        },
        "data_sent": {
            "count": 308950,
            "rate": 5116.743525884781
        },
        "data_received": {
            "count": 68400,
            "rate": 1132.8216771986374
        },
        "http_req_blocked": {
            "p(95)": 0.007995000000000408,
            "avg": 0.11344666666666667,
            "min": 0,
            "med": 0,
            "max": 6.4979,
            "p(90)": 0
        },
        "http_req_duration": {
            "max": 82.3568,
            "p(90)": 5.595860000000007,
            "p(95)": 7.060810000000001,
            "avg": 5.2917633333333365,
            "min": 2.1913,
            "med": 3.6405,
            "thresholds": {
                "p(95)<2000": false
            }
        },
        "iterations": {
            "count": 300,
            "rate": 4.9685161280641985
        },
        "iteration_duration": {
            "avg": 1006.3150246666657,
            "min": 1002.4259,
            "med": 1004.6876,
            "max": 1083.1363,
            "p(90)": 1006.92,
            "p(95)": 1009.303935
        },
        "vus": {
            "value": 5,
            "min": 5,
            "max": 5
        },
        "http_req_sending": {
            "med": 0,
            "max": 0.9985,
            "p(90)": 0.31691000000000047,
            "p(95)": 0.4110200000000001,
            "avg": 0.062296999999999984,
            "min": 0
        },
        "checks": {
            "fails": 0,
            "passes": 300,
            "value": 1
        }
    }
}